[{"model": "feggystreats.items", "pk": 1, "fields": {"name": "Chocolate Chip", "description": "", "price": 7.99, "category": "cookie", "image": "uploads/chocolateChipCookie-removebg-preview_5ArTKhJ.png"}}, {"model": "feggystreats.items", "pk": 2, "fields": {"name": "Double Chocolate Chip", "description": "", "price": 7.99, "category": "cookie", "image": "uploads/doubleChocolateChipCookie-removebg-preview.png"}}, {"model": "feggystreats.items", "pk": 3, "fields": {"name": "White Chocolate Macadamia Nut", "description": "", "price": 7.99, "category": "cookie", "image": "uploads/whiteChocolateChipMacadamiaCookie-removebg-preview_L7Ehjey.png"}}, {"model": "feggystreats.items", "pk": 4, "fields": {"name": "Oatmeal Raisin", "description": "", "price": 7.99, "category": "cookie", "image": "uploads/oatmealRaisinCookie-removebg-preview_WC46vmZ.png"}}, {"model": "feggystreats.items", "pk": 5, "fields": {"name": "Snickerdoodle", "description": "", "price": 7.99, "category": "cookie", "image": "uploads/snickerdoodleCookie-removebg-preview_z9gJDQF.png"}}, {"model": "feggystreats.items", "pk": 6, "fields": {"name": "Brownie", "description": "", "price": 5.99, "category": "brownie", "image": "uploads/brownie-removebg-preview.png"}}, {"model": "feggystreats.items", "pk": 7, "fields": {"name": "Fudge w/ Walnuts", "description": "", "price": 5.99, "category": "brownie", "image": "uploads/walnutFudgeBrownie-removebg-preview.png"}}, {"model": "feggystreats.items", "pk": 8, "fields": {"name": "Double Chocolate", "description": "", "price": 5.99, "category": "brownie", "image": "uploads/fudgeBrownie-removebg-preview_Tj5QnGm.png"}}, {"model": "feggystreats.items", "pk": 9, "fields": {"name": "The Cosmic", "description": "", "price": 5.99, "category": "brownie", "image": "uploads/cosmicBrowni-removebg-preview.png"}}, {"model": "feggystreats.items", "pk": 10, "fields": {"name": "Pound Cake Mixed Brownie", "description": "", "price": 6.99, "category": "brownie", "image": "uploads/pound_cake.jpeg"}}, {"model": "feggystreats.items", "pk": 11, "fields": {"name": "Red Velvet Peppermint Swirl", "description": "", "price": 6.99, "category": "brownie", "image": "uploads/Red_velvet_peppermint_swirl.jpeg"}}, {"model": "feggystreats.customer", "pk": 2, "fields": {"user": 1, "name": "Feggens", "email": "jmonbrun@aol.com"}}, {"model": "feggystreats.customer", "pk": 3, "fields": {"user": null, "name": null, "email": null}}, {"model": "feggystreats.customer", "pk": 5, "fields": {"user": null, "name": "mike", "email": "yup@yup.com"}}, {"model": "feggystreats.customer", "pk": 6, "fields": {"user": null, "name": "mil", "email": "jmo@hii.com"}}, {"model": "feggystreats.customer", "pk": 7, "fields": {"user": null, "name": "mike snowq", "email": "msnow@yup.com"}}, {"model": "feggystreats.order", "pk": 2, "fields": {"customer": 2, "date_ordered": "2021-11-20T17:11:41.853Z", "complete": true, "transaction_id": "1637455270.830958"}}, {"model": "feggystreats.order", "pk": 3, "fields": {"customer": 2, "date_ordered": "2021-11-21T00:41:28.409Z", "complete": true, "transaction_id": "1637520241.463502"}}, {"model": "feggystreats.order", "pk": 4, "fields": {"customer": 3, "date_ordered": "2021-11-21T16:53:27.558Z", "complete": true, "transaction_id": "1637513867.955805"}}, {"model": "feggystreats.order", "pk": 5, "fields": {"customer": 3, "date_ordered": "2021-11-21T17:18:25.209Z", "complete": true, "transaction_id": "1637515105.195371"}}, {"model": "feggystreats.order", "pk": 6, "fields": {"customer": null, "date_ordered": "2021-11-21T17:33:02.215Z", "complete": true, "transaction_id": "1637515982.186062"}}, {"model": "feggystreats.order", "pk": 7, "fields": {"customer": 5, "date_ordered": "2021-11-21T17:34:59.188Z", "complete": true, "transaction_id": "1637516099.128968"}}, {"model": "feggystreats.order", "pk": 9, "fields": {"customer": 2, "date_ordered": "2021-11-21T19:01:17.637Z", "complete": true, "transaction_id": "1637526540.313879"}}, {"model": "feggystreats.order", "pk": 10, "fields": {"customer": 2, "date_ordered": "2021-11-21T20:29:48.752Z", "complete": true, "transaction_id": "1638285935.413935"}}, {"model": "feggystreats.order", "pk": 11, "fields": {"customer": 2, "date_ordered": "2021-11-30T15:25:40.024Z", "complete": true, "transaction_id": "1638500953.534499"}}, {"model": "feggystreats.order", "pk": 12, "fields": {"customer": 6, "date_ordered": "2021-12-01T17:39:28.480Z", "complete": true, "transaction_id": "1638380368.448508"}}, {"model": "feggystreats.order", "pk": 13, "fields": {"customer": 7, "date_ordered": "2021-12-03T03:07:19.409Z", "complete": true, "transaction_id": "1638500839.38206"}}, {"model": "feggystreats.order", "pk": 14, "fields": {"customer": 2, "date_ordered": "2021-12-03T03:09:25.881Z", "complete": false, "transaction_id": null}}, {"model": "feggystreats.orderitem", "pk": 1, "fields": {"item": 1, "order": 2, "quantity": 3, "date_added": "2021-11-20T17:12:23.111Z"}}, {"model": "feggystreats.orderitem", "pk": 2, "fields": {"item": 1, "order": 4, "quantity": 2, "date_added": "2021-11-21T16:57:47.976Z"}}, {"model": "feggystreats.orderitem", "pk": 3, "fields": {"item": 1, "order": 3, "quantity": 30, "date_added": "2021-11-21T17:10:40.844Z"}}, {"model": "feggystreats.orderitem", "pk": 4, "fields": {"item": 2, "order": 3, "quantity": 7, "date_added": "2021-11-21T17:10:42.461Z"}}, {"model": "feggystreats.orderitem", "pk": 5, "fields": {"item": 1, "order": 5, "quantity": 2, "date_added": "2021-11-21T17:18:25.214Z"}}, {"model": "feggystreats.orderitem", "pk": 6, "fields": {"item": 1, "order": 6, "quantity": 3, "date_added": "2021-11-21T17:33:02.220Z"}}, {"model": "feggystreats.orderitem", "pk": 7, "fields": {"item": 2, "order": 6, "quantity": 1, "date_added": "2021-11-21T17:33:02.226Z"}}, {"model": "feggystreats.orderitem", "pk": 8, "fields": {"item": 1, "order": 7, "quantity": 1, "date_added": "2021-11-21T17:34:59.194Z"}}, {"model": "feggystreats.orderitem", "pk": 9, "fields": {"item": 2, "order": 7, "quantity": 1, "date_added": "2021-11-21T17:34:59.200Z"}}, {"model": "feggystreats.orderitem", "pk": 10, "fields": {"item": 1, "order": 9, "quantity": 9, "date_added": "2021-11-21T19:01:17.646Z"}}, {"model": "feggystreats.orderitem", "pk": 11, "fields": {"item": 2, "order": 9, "quantity": 2, "date_added": "2021-11-21T20:10:02.701Z"}}, {"model": "feggystreats.orderitem", "pk": 15, "fields": {"item": 1, "order": 10, "quantity": 5, "date_added": "2021-11-23T20:16:54.764Z"}}, {"model": "feggystreats.orderitem", "pk": 16, "fields": {"item": 6, "order": 12, "quantity": 4, "date_added": "2021-12-01T17:39:28.485Z"}}, {"model": "feggystreats.orderitem", "pk": 17, "fields": {"item": 1, "order": 13, "quantity": 3, "date_added": "2021-12-03T03:07:19.416Z"}}, {"model": "feggystreats.orderitem", "pk": 18, "fields": {"item": 3, "order": 13, "quantity": 2, "date_added": "2021-12-03T03:07:19.422Z"}}, {"model": "feggystreats.orderitem", "pk": 19, "fields": {"item": 1, "order": 11, "quantity": 2, "date_added": "2021-12-03T03:08:31.506Z"}}, {"model": "feggystreats.orderitem", "pk": 20, "fields": {"item": 7, "order": 11, "quantity": 1, "date_added": "2021-12-03T03:08:36.843Z"}}, {"model": "feggystreats.orderitem", "pk": 21, "fields": {"item": 1, "order": 14, "quantity": 1, "date_added": "2022-09-29T22:11:47.304Z"}}, {"model": "feggystreats.orderitem", "pk": 22, "fields": {"item": 2, "order": 14, "quantity": 3, "date_added": "2022-09-29T22:11:56.470Z"}}, {"model": "feggystreats.orderitem", "pk": 23, "fields": {"item": 6, "order": 14, "quantity": 1, "date_added": "2022-09-30T00:42:14.232Z"}}, {"model": "feggystreats.shippingaddress", "pk": 6, "fields": {"customer": null, "order": 6, "address": "yup", "city": "yup", "state": "yup", "zipcode": "yup", "date_added": "2021-11-21T17:33:02.237Z"}}, {"model": "feggystreats.shippingaddress", "pk": 7, "fields": {"customer": 5, "order": 7, "address": "yup", "city": "yup", "state": "yup", "zipcode": "yup", "date_added": "2021-11-21T17:34:59.224Z"}}, {"model": "feggystreats.shippingaddress", "pk": 8, "fields": {"customer": 2, "order": 3, "address": "565 Jackson Ave", "city": "Rahway", "state": "NJ", "zipcode": "07065", "date_added": "2021-11-21T18:44:01.495Z"}}, {"model": "feggystreats.shippingaddress", "pk": 9, "fields": {"customer": 2, "order": 9, "address": "565 Jackson Ave", "city": "Rahway", "state": "NJ", "zipcode": "07065", "date_added": "2021-11-21T20:29:00.334Z"}}, {"model": "feggystreats.shippingaddress", "pk": 10, "fields": {"customer": 2, "order": 10, "address": "", "city": "", "state": "", "zipcode": "", "date_added": "2021-11-30T15:25:35.436Z"}}, {"model": "feggystreats.shippingaddress", "pk": 11, "fields": {"customer": 6, "order": 12, "address": "uhb", "city": "vygv", "state": "vgyv", "zipcode": "gvv", "date_added": "2021-12-01T17:39:28.499Z"}}, {"model": "feggystreats.shippingaddress", "pk": 12, "fields": {"customer": 7, "order": 13, "address": "adhjeduh", "city": "foijfo", "state": "fijef", "zipcode": "08098", "date_added": "2021-12-03T03:07:19.439Z"}}, {"model": "feggystreats.shippingaddress", "pk": 13, "fields": {"customer": 2, "order": 11, "address": "fiwfb", "city": "wijnfw", "state": "wifjnwj", "zipcode": "09088", "date_added": "2021-12-03T03:09:13.559Z"}}, {"model": "admin.logentry", "pk": 1, "fields": {"action_time": "2021-11-19T23:20:43.208Z", "user": 1, "content_type": 1, "object_id": "1", "object_repr": "Items object (1)", "action_flag": 1, "change_message": "[{\"added\": {}}]"}}, {"model": "admin.logentry", "pk": 2, "fields": {"action_time": "2021-11-19T23:24:08.952Z", "user": 1, "content_type": 1, "object_id": "1", "object_repr": "Items object (1)", "action_flag": 2, "change_message": "[{\"changed\": {\"fields\": [\"Price\"]}}]"}}, {"model": "admin.logentry", "pk": 3, "fields": {"action_time": "2021-11-20T02:44:52.532Z", "user": 1, "content_type": 1, "object_id": "2", "object_repr": "Double Chocolate Chip", "action_flag": 1, "change_message": "[{\"added\": {}}]"}}, {"model": "admin.logentry", "pk": 4, "fields": {"action_time": "2021-11-20T02:46:07.531Z", "user": 1, "content_type": 1, "object_id": "2", "object_repr": "Double Chocolate Chip", "action_flag": 2, "change_message": "[{\"changed\": {\"fields\": [\"Image\"]}}]"}}, {"model": "admin.logentry", "pk": 5, "fields": {"action_time": "2021-11-20T06:16:44.853Z", "user": 1, "content_type": 5, "object_id": "1", "object_repr": "vegas", "action_flag": 2, "change_message": "[{\"changed\": {\"fields\": [\"First name\"]}}]"}}, {"model": "admin.logentry", "pk": 6, "fields": {"action_time": "2021-11-20T16:36:35.184Z", "user": 1, "content_type": 8, "object_id": "1", "object_repr": "Feggens", "action_flag": 1, "change_message": "[{\"added\": {}}]"}}, {"model": "admin.logentry", "pk": 7, "fields": {"action_time": "2021-11-20T16:49:42.051Z", "user": 1, "content_type": 8, "object_id": "2", "object_repr": "Feggens", "action_flag": 1, "change_message": "[{\"added\": {}}]"}}, {"model": "admin.logentry", "pk": 8, "fields": {"action_time": "2021-11-20T16:49:50.369Z", "user": 1, "content_type": 8, "object_id": "1", "object_repr": "Feggens", "action_flag": 3, "change_message": ""}}, {"model": "admin.logentry", "pk": 9, "fields": {"action_time": "2021-11-20T16:50:03.372Z", "user": 1, "content_type": 5, "object_id": "2", "object_repr": "feggens", "action_flag": 3, "change_message": ""}}, {"model": "admin.logentry", "pk": 10, "fields": {"action_time": "2021-11-20T17:11:41.856Z", "user": 1, "content_type": 9, "object_id": "2", "object_repr": "2", "action_flag": 1, "change_message": "[{\"added\": {}}]"}}, {"model": "admin.logentry", "pk": 11, "fields": {"action_time": "2021-11-20T17:11:56.059Z", "user": 1, "content_type": 9, "object_id": "1", "object_repr": "1", "action_flag": 3, "change_message": ""}}, {"model": "admin.logentry", "pk": 12, "fields": {"action_time": "2021-11-20T17:12:23.117Z", "user": 1, "content_type": 11, "object_id": "1", "object_repr": "OrderItem object (1)", "action_flag": 1, "change_message": "[{\"added\": {}}]"}}, {"model": "admin.logentry", "pk": 13, "fields": {"action_time": "2021-11-21T00:38:27.855Z", "user": 1, "content_type": 10, "object_id": "1", "object_repr": "", "action_flag": 3, "change_message": ""}}, {"model": "admin.logentry", "pk": 14, "fields": {"action_time": "2021-11-21T00:41:00.139Z", "user": 1, "content_type": 10, "object_id": "2", "object_repr": "565 Jackson Ave", "action_flag": 3, "change_message": ""}}, {"model": "admin.logentry", "pk": 15, "fields": {"action_time": "2021-11-21T17:25:37.110Z", "user": 1, "content_type": 10, "object_id": "5", "object_repr": "new", "action_flag": 3, "change_message": ""}}, {"model": "admin.logentry", "pk": 16, "fields": {"action_time": "2021-11-21T17:25:37.117Z", "user": 1, "content_type": 10, "object_id": "4", "object_repr": "yup", "action_flag": 3, "change_message": ""}}, {"model": "admin.logentry", "pk": 17, "fields": {"action_time": "2021-11-21T17:25:37.120Z", "user": 1, "content_type": 10, "object_id": "3", "object_repr": "565 Jackson Ave", "action_flag": 3, "change_message": ""}}, {"model": "admin.logentry", "pk": 18, "fields": {"action_time": "2021-11-21T17:34:05.891Z", "user": 1, "content_type": 8, "object_id": "4", "object_repr": "address", "action_flag": 3, "change_message": ""}}, {"model": "admin.logentry", "pk": 19, "fields": {"action_time": "2021-11-21T18:10:24.630Z", "user": 1, "content_type": 9, "object_id": "8", "object_repr": "8", "action_flag": 1, "change_message": "[{\"added\": {}}]"}}, {"model": "admin.logentry", "pk": 20, "fields": {"action_time": "2021-11-21T18:11:27.492Z", "user": 1, "content_type": 9, "object_id": "8", "object_repr": "8", "action_flag": 3, "change_message": ""}}, {"model": "admin.logentry", "pk": 21, "fields": {"action_time": "2021-11-21T19:01:11.718Z", "user": 1, "content_type": 9, "object_id": "3", "object_repr": "3", "action_flag": 2, "change_message": "[{\"changed\": {\"fields\": [\"Complete\"]}}]"}}, {"model": "admin.logentry", "pk": 22, "fields": {"action_time": "2021-11-30T13:45:04.402Z", "user": 1, "content_type": 1, "object_id": "3", "object_repr": "white chocolate macadamia nut", "action_flag": 1, "change_message": "[{\"added\": {}}]"}}, {"model": "admin.logentry", "pk": 23, "fields": {"action_time": "2021-11-30T13:45:47.236Z", "user": 1, "content_type": 1, "object_id": "3", "object_repr": "White Chocolate Macadamia Nut", "action_flag": 2, "change_message": "[{\"changed\": {\"fields\": [\"Name\"]}}]"}}, {"model": "admin.logentry", "pk": 24, "fields": {"action_time": "2021-11-30T13:47:47.204Z", "user": 1, "content_type": 1, "object_id": "4", "object_repr": "Oatmeal Raisin", "action_flag": 1, "change_message": "[{\"added\": {}}]"}}, {"model": "admin.logentry", "pk": 25, "fields": {"action_time": "2021-11-30T13:49:06.132Z", "user": 1, "content_type": 1, "object_id": "5", "object_repr": "Snickerdoodle", "action_flag": 1, "change_message": "[{\"added\": {}}]"}}, {"model": "admin.logentry", "pk": 26, "fields": {"action_time": "2021-11-30T14:00:54.274Z", "user": 1, "content_type": 1, "object_id": "6", "object_repr": "Fundge", "action_flag": 1, "change_message": "[{\"added\": {}}]"}}, {"model": "admin.logentry", "pk": 27, "fields": {"action_time": "2021-11-30T14:01:02.706Z", "user": 1, "content_type": 1, "object_id": "6", "object_repr": "Fudge", "action_flag": 2, "change_message": "[{\"changed\": {\"fields\": [\"Name\"]}}]"}}, {"model": "admin.logentry", "pk": 28, "fields": {"action_time": "2021-11-30T14:55:54.536Z", "user": 1, "content_type": 1, "object_id": "6", "object_repr": "Fudge", "action_flag": 2, "change_message": "[{\"changed\": {\"fields\": [\"Image\"]}}]"}}, {"model": "admin.logentry", "pk": 29, "fields": {"action_time": "2021-11-30T15:07:58.794Z", "user": 1, "content_type": 1, "object_id": "6", "object_repr": "Fudge", "action_flag": 2, "change_message": "[]"}}, {"model": "admin.logentry", "pk": 30, "fields": {"action_time": "2021-11-30T15:08:30.900Z", "user": 1, "content_type": 1, "object_id": "7", "object_repr": "Fudge w/ Walnuts", "action_flag": 1, "change_message": "[{\"added\": {}}]"}}, {"model": "admin.logentry", "pk": 31, "fields": {"action_time": "2021-11-30T15:10:58.570Z", "user": 1, "content_type": 1, "object_id": "8", "object_repr": "Double Chocolate", "action_flag": 1, "change_message": "[{\"added\": {}}]"}}, {"model": "admin.logentry", "pk": 32, "fields": {"action_time": "2021-11-30T15:12:32.009Z", "user": 1, "content_type": 1, "object_id": "9", "object_repr": "The Cosmic", "action_flag": 1, "change_message": "[{\"added\": {}}]"}}, {"model": "admin.logentry", "pk": 33, "fields": {"action_time": "2021-11-30T15:15:56.242Z", "user": 1, "content_type": 1, "object_id": "10", "object_repr": "Pound Cake Mixed Brownie", "action_flag": 1, "change_message": "[{\"added\": {}}]"}}, {"model": "admin.logentry", "pk": 34, "fields": {"action_time": "2021-11-30T15:16:04.716Z", "user": 1, "content_type": 1, "object_id": "9", "object_repr": "The Cosmic", "action_flag": 2, "change_message": "[{\"changed\": {\"fields\": [\"Category\"]}}]"}}, {"model": "admin.logentry", "pk": 35, "fields": {"action_time": "2021-11-30T15:16:14.754Z", "user": 1, "content_type": 1, "object_id": "8", "object_repr": "Double Chocolate", "action_flag": 2, "change_message": "[]"}}, {"model": "admin.logentry", "pk": 36, "fields": {"action_time": "2021-11-30T15:17:17.254Z", "user": 1, "content_type": 1, "object_id": "11", "object_repr": "Red Velvet Peppermint Swirl", "action_flag": 1, "change_message": "[{\"added\": {}}]"}}, {"model": "admin.logentry", "pk": 37, "fields": {"action_time": "2022-09-28T23:08:30.903Z", "user": 1, "content_type": 1, "object_id": "1", "object_repr": "Chocolate Chip", "action_flag": 2, "change_message": "[{\"changed\": {\"fields\": [\"Image\"]}}]"}}, {"model": "admin.logentry", "pk": 38, "fields": {"action_time": "2022-09-28T23:10:39.823Z", "user": 1, "content_type": 1, "object_id": "2", "object_repr": "Double Chocolate Chip", "action_flag": 2, "change_message": "[{\"changed\": {\"fields\": [\"Image\"]}}]"}}, {"model": "admin.logentry", "pk": 39, "fields": {"action_time": "2022-09-28T23:12:16.894Z", "user": 1, "content_type": 1, "object_id": "3", "object_repr": "White Chocolate Macadamia Nut", "action_flag": 2, "change_message": "[{\"changed\": {\"fields\": [\"Image\"]}}]"}}, {"model": "admin.logentry", "pk": 40, "fields": {"action_time": "2022-09-28T23:14:47.287Z", "user": 1, "content_type": 1, "object_id": "4", "object_repr": "Oatmeal Raisin", "action_flag": 2, "change_message": "[{\"changed\": {\"fields\": [\"Image\"]}}]"}}, {"model": "admin.logentry", "pk": 41, "fields": {"action_time": "2022-09-28T23:16:11.199Z", "user": 1, "content_type": 1, "object_id": "5", "object_repr": "Snickerdoodle", "action_flag": 2, "change_message": "[{\"changed\": {\"fields\": [\"Image\"]}}]"}}, {"model": "admin.logentry", "pk": 42, "fields": {"action_time": "2022-09-28T23:17:48.891Z", "user": 1, "content_type": 1, "object_id": "6", "object_repr": "Fudge", "action_flag": 2, "change_message": "[{\"changed\": {\"fields\": [\"Image\"]}}]"}}, {"model": "admin.logentry", "pk": 43, "fields": {"action_time": "2022-09-28T23:19:15.328Z", "user": 1, "content_type": 1, "object_id": "6", "object_repr": "Fudge", "action_flag": 2, "change_message": "[{\"changed\": {\"fields\": [\"Image\"]}}]"}}, {"model": "admin.logentry", "pk": 44, "fields": {"action_time": "2022-09-28T23:24:02.373Z", "user": 1, "content_type": 1, "object_id": "7", "object_repr": "Fudge w/ Walnuts", "action_flag": 2, "change_message": "[{\"changed\": {\"fields\": [\"Image\"]}}]"}}, {"model": "admin.logentry", "pk": 45, "fields": {"action_time": "2022-09-28T23:25:46.996Z", "user": 1, "content_type": 1, "object_id": "8", "object_repr": "Double Chocolate", "action_flag": 2, "change_message": "[{\"changed\": {\"fields\": [\"Image\"]}}]"}}, {"model": "admin.logentry", "pk": 46, "fields": {"action_time": "2022-09-28T23:27:10.157Z", "user": 1, "content_type": 1, "object_id": "6", "object_repr": "Brownie", "action_flag": 2, "change_message": "[{\"changed\": {\"fields\": [\"Name\", \"Image\"]}}]"}}, {"model": "admin.logentry", "pk": 47, "fields": {"action_time": "2022-09-28T23:30:37.920Z", "user": 1, "content_type": 1, "object_id": "9", "object_repr": "The Cosmic", "action_flag": 2, "change_message": "[{\"changed\": {\"fields\": [\"Image\"]}}]"}}, {"model": "admin.logentry", "pk": 48, "fields": {"action_time": "2022-09-29T18:08:28.535Z", "user": 1, "content_type": 1, "object_id": "1", "object_repr": "Chocolate Chip", "action_flag": 2, "change_message": "[{\"changed\": {\"fields\": [\"Image\"]}}]"}}, {"model": "admin.logentry", "pk": 49, "fields": {"action_time": "2022-09-29T18:10:45.267Z", "user": 1, "content_type": 1, "object_id": "3", "object_repr": "White Chocolate Macadamia Nut", "action_flag": 2, "change_message": "[{\"changed\": {\"fields\": [\"Image\"]}}]"}}, {"model": "admin.logentry", "pk": 50, "fields": {"action_time": "2022-09-29T18:13:08.622Z", "user": 1, "content_type": 1, "object_id": "4", "object_repr": "Oatmeal Raisin", "action_flag": 2, "change_message": "[{\"changed\": {\"fields\": [\"Image\"]}}]"}}, {"model": "admin.logentry", "pk": 51, "fields": {"action_time": "2022-09-29T18:13:23.488Z", "user": 1, "content_type": 1, "object_id": "5", "object_repr": "Snickerdoodle", "action_flag": 2, "change_message": "[{\"changed\": {\"fields\": [\"Image\"]}}]"}}, {"model": "auth.permission", "pk": 1, "fields": {"name": "Can add items", "content_type": 1, "codename": "add_items"}}, {"model": "auth.permission", "pk": 2, "fields": {"name": "Can change items", "content_type": 1, "codename": "change_items"}}, {"model": "auth.permission", "pk": 3, "fields": {"name": "Can delete items", "content_type": 1, "codename": "delete_items"}}, {"model": "auth.permission", "pk": 4, "fields": {"name": "Can view items", "content_type": 1, "codename": "view_items"}}, {"model": "auth.permission", "pk": 5, "fields": {"name": "Can add log entry", "content_type": 2, "codename": "add_logentry"}}, {"model": "auth.permission", "pk": 6, "fields": {"name": "Can change log entry", "content_type": 2, "codename": "change_logentry"}}, {"model": "auth.permission", "pk": 7, "fields": {"name": "Can delete log entry", "content_type": 2, "codename": "delete_logentry"}}, {"model": "auth.permission", "pk": 8, "fields": {"name": "Can view log entry", "content_type": 2, "codename": "view_logentry"}}, {"model": "auth.permission", "pk": 9, "fields": {"name": "Can add permission", "content_type": 3, "codename": "add_permission"}}, {"model": "auth.permission", "pk": 10, "fields": {"name": "Can change permission", "content_type": 3, "codename": "change_permission"}}, {"model": "auth.permission", "pk": 11, "fields": {"name": "Can delete permission", "content_type": 3, "codename": "delete_permission"}}, {"model": "auth.permission", "pk": 12, "fields": {"name": "Can view permission", "content_type": 3, "codename": "view_permission"}}, {"model": "auth.permission", "pk": 13, "fields": {"name": "Can add group", "content_type": 4, "codename": "add_group"}}, {"model": "auth.permission", "pk": 14, "fields": {"name": "Can change group", "content_type": 4, "codename": "change_group"}}, {"model": "auth.permission", "pk": 15, "fields": {"name": "Can delete group", "content_type": 4, "codename": "delete_group"}}, {"model": "auth.permission", "pk": 16, "fields": {"name": "Can view group", "content_type": 4, "codename": "view_group"}}, {"model": "auth.permission", "pk": 17, "fields": {"name": "Can add user", "content_type": 5, "codename": "add_user"}}, {"model": "auth.permission", "pk": 18, "fields": {"name": "Can change user", "content_type": 5, "codename": "change_user"}}, {"model": "auth.permission", "pk": 19, "fields": {"name": "Can delete user", "content_type": 5, "codename": "delete_user"}}, {"model": "auth.permission", "pk": 20, "fields": {"name": "Can view user", "content_type": 5, "codename": "view_user"}}, {"model": "auth.permission", "pk": 21, "fields": {"name": "Can add content type", "content_type": 6, "codename": "add_contenttype"}}, {"model": "auth.permission", "pk": 22, "fields": {"name": "Can change content type", "content_type": 6, "codename": "change_contenttype"}}, {"model": "auth.permission", "pk": 23, "fields": {"name": "Can delete content type", "content_type": 6, "codename": "delete_contenttype"}}, {"model": "auth.permission", "pk": 24, "fields": {"name": "Can view content type", "content_type": 6, "codename": "view_contenttype"}}, {"model": "auth.permission", "pk": 25, "fields": {"name": "Can add session", "content_type": 7, "codename": "add_session"}}, {"model": "auth.permission", "pk": 26, "fields": {"name": "Can change session", "content_type": 7, "codename": "change_session"}}, {"model": "auth.permission", "pk": 27, "fields": {"name": "Can delete session", "content_type": 7, "codename": "delete_session"}}, {"model": "auth.permission", "pk": 28, "fields": {"name": "Can view session", "content_type": 7, "codename": "view_session"}}, {"model": "auth.permission", "pk": 29, "fields": {"name": "Can add customer", "content_type": 8, "codename": "add_customer"}}, {"model": "auth.permission", "pk": 30, "fields": {"name": "Can change customer", "content_type": 8, "codename": "change_customer"}}, {"model": "auth.permission", "pk": 31, "fields": {"name": "Can delete customer", "content_type": 8, "codename": "delete_customer"}}, {"model": "auth.permission", "pk": 32, "fields": {"name": "Can view customer", "content_type": 8, "codename": "view_customer"}}, {"model": "auth.permission", "pk": 33, "fields": {"name": "Can add order", "content_type": 9, "codename": "add_order"}}, {"model": "auth.permission", "pk": 34, "fields": {"name": "Can change order", "content_type": 9, "codename": "change_order"}}, {"model": "auth.permission", "pk": 35, "fields": {"name": "Can delete order", "content_type": 9, "codename": "delete_order"}}, {"model": "auth.permission", "pk": 36, "fields": {"name": "Can view order", "content_type": 9, "codename": "view_order"}}, {"model": "auth.permission", "pk": 37, "fields": {"name": "Can add shipping address", "content_type": 10, "codename": "add_shippingaddress"}}, {"model": "auth.permission", "pk": 38, "fields": {"name": "Can change shipping address", "content_type": 10, "codename": "change_shippingaddress"}}, {"model": "auth.permission", "pk": 39, "fields": {"name": "Can delete shipping address", "content_type": 10, "codename": "delete_shippingaddress"}}, {"model": "auth.permission", "pk": 40, "fields": {"name": "Can view shipping address", "content_type": 10, "codename": "view_shippingaddress"}}, {"model": "auth.permission", "pk": 41, "fields": {"name": "Can add order item", "content_type": 11, "codename": "add_orderitem"}}, {"model": "auth.permission", "pk": 42, "fields": {"name": "Can change order item", "content_type": 11, "codename": "change_orderitem"}}, {"model": "auth.permission", "pk": 43, "fields": {"name": "Can delete order item", "content_type": 11, "codename": "delete_orderitem"}}, {"model": "auth.permission", "pk": 44, "fields": {"name": "Can view order item", "content_type": 11, "codename": "view_orderitem"}}, {"model": "auth.permission", "pk": 45, "fields": {"name": "Can add user", "content_type": 12, "codename": "add_user"}}, {"model": "auth.permission", "pk": 46, "fields": {"name": "Can change user", "content_type": 12, "codename": "change_user"}}, {"model": "auth.permission", "pk": 47, "fields": {"name": "Can delete user", "content_type": 12, "codename": "delete_user"}}, {"model": "auth.permission", "pk": 48, "fields": {"name": "Can view user", "content_type": 12, "codename": "view_user"}}, {"model": "auth.user", "pk": 1, "fields": {"password": "pbkdf2_sha256$320000$2Ev2bK1aITXgRbs2VvPG5M$p4GnU95+/OKzVwQ5y1jkUzLgL2aDwoke02P7L5acByw=", "last_login": "2022-10-01T03:29:35.533Z", "is_superuser": true, "username": "vegas", "first_name": "Feggens", "last_name": "", "email": "", "is_staff": true, "is_active": true, "date_joined": "2021-11-19T22:53:05Z", "groups": [], "user_permissions": []}}, {"model": "sessions.session", "pk": "7495q8akrcjd2nbjmv4nuz0zwe3um2mc", "fields": {"session_data": ".eJxVjEsOwiAUAO_C2hC-BVy69wzkwXtI1dCktCvj3ZWkC93OTObFIuxbjXunNc7Izkyy0y9LkB_UhsA7tNvC89K2dU58JPywnV8XpOflaP8GFXodW1-Smowjr0ISJhfrkianBEpEg3YqRuZQfKBCBaRRQhMmsDoE-GLN3h_pLDhH:1msyvq:hte639FhzoPiEYv3DOuuiHPMD6aSgWVY7zIH02JvojM", "expire_date": "2021-12-17T03:08:18.311Z"}}]